{
 "actions": [],
 "autoname": "autoincrement",
 "creation": "2022-11-05 17:35:05.008405",
 "doctype": "DocType",
 "editable_grid": 1,
 "engine": "InnoDB",
 "field_order": [
  "section_break_1",
  "module",
  "practice",
  "question",
  "opportunity_description",
  "maturity_level",
  "section_break_5",
  "gdp_clause",
  "cms",
  "column_break_7",
  "iso_clause",
  "dfi",
  "section_break_12",
  "selection",
  "working_comments",
  "attach_evidences",
  "column_break_15",
  "severity",
  "finding_detail",
  "section_break_18",
  "guidelines_direction",
  "artifact_description",
  "exit_selection",
  "finding",
  "finding_raised_date",
  "ageing",
  "account_section",
  "rca",
  "attach_rcacapa",
  "column_break_29",
  "capa",
  "critical_to_opex",
  "section_break_34",
  "best_practice",
  "closure_opex_section",
  "rcacapa_acceptance",
  "column_break_36",
  "closure_description"
 ],
 "fields": [
  {
   "columns": 1,
   "fieldname": "module",
   "fieldtype": "Data",
   "in_list_view": 1,
   "label": "Module",
   "read_only": 1,
   "search_index": 1
  },
  {
   "columns": 1,
   "fieldname": "practice",
   "fieldtype": "Data",
   "in_filter": 1,
   "in_list_view": 1,
   "in_preview": 1,
   "in_standard_filter": 1,
   "label": "Practice",
   "read_only": 1,
   "search_index": 1
  },
  {
   "fieldname": "question",
   "fieldtype": "Small Text",
   "in_filter": 1,
   "in_preview": 1,
   "in_standard_filter": 1,
   "label": "Question",
   "read_only": 1
  },
  {
   "columns": 2,
   "fieldname": "opportunity_description",
   "fieldtype": "Small Text",
   "in_filter": 1,
   "in_list_view": 1,
   "in_preview": 1,
   "in_standard_filter": 1,
   "label": "Opportunity Description"
  },
  {
   "columns": 1,
   "fieldname": "gdp_clause",
   "fieldtype": "Data",
   "in_filter": 1,
   "in_list_view": 1,
   "in_preview": 1,
   "in_standard_filter": 1,
   "label": "GDP Clause",
   "read_only": 1,
   "search_index": 1
  },
  {
   "columns": 1,
   "fieldname": "iso_clause",
   "fieldtype": "Data",
   "in_filter": 1,
   "in_list_view": 1,
   "in_preview": 1,
   "in_standard_filter": 1,
   "label": "ISO Clause",
   "read_only": 1,
   "search_index": 1
  },
  {
   "fieldname": "cms",
   "fieldtype": "Data",
   "in_filter": 1,
   "in_preview": 1,
   "in_standard_filter": 1,
   "label": "CMS",
   "read_only": 1,
   "search_index": 1
  },
  {
   "fieldname": "severity",
   "fieldtype": "Select",
   "in_filter": 1,
   "in_preview": 1,
   "in_standard_filter": 1,
   "label": "Severity",
   "options": "OBS\nOFI\nMajor NC\nMinor NC",
   "permlevel": 1,
   "search_index": 1
  },
  {
   "fieldname": "dfi",
   "fieldtype": "Select",
   "in_filter": 1,
   "in_preview": 1,
   "in_standard_filter": 1,
   "label": "DFI",
   "options": "YES\nNO",
   "read_only": 1,
   "search_index": 1
  },
  {
   "fieldname": "maturity_level",
   "fieldtype": "Data",
   "in_filter": 1,
   "label": "Maturity Level",
   "read_only": 1,
   "search_index": 1
  },
  {
   "fieldname": "guidelines_direction",
   "fieldtype": "Small Text",
   "in_filter": 1,
   "label": "Guidelines (Direction)",
   "read_only": 1
  },
  {
   "fieldname": "artifact_description",
   "fieldtype": "Small Text",
   "label": "Artifact Description",
   "read_only": 1
  },
  {
   "fieldname": "selection",
   "fieldtype": "Select",
   "label": "Selection",
   "options": "-\nNo\nYes\nNo Sample\nException\nNot Applicable\nNo Evidence",
   "search_index": 1
  },
  {
   "fieldname": "exit_selection",
   "fieldtype": "Select",
   "hidden": 1,
   "label": "Exit Selection ",
   "options": "-\nNo\nYes\nNo Sample\nException\nNot Applicable\nNo Evidence",
   "read_only": 1,
   "search_index": 1
  },
  {
   "columns": 2,
   "fieldname": "finding_detail",
   "fieldtype": "Small Text",
   "in_list_view": 1,
   "label": "Finding Detail"
  },
  {
   "fieldname": "attach_evidences",
   "fieldtype": "Attach",
   "label": "Attach Evidence(s)",
   "search_index": 1
  },
  {
   "fieldname": "working_comments",
   "fieldtype": "Small Text",
   "hidden": 1,
   "label": "Working Comments"
  },
  {
   "fieldname": "finding",
   "fieldtype": "Data",
   "hidden": 1,
   "label": "Finding",
   "read_only": 1,
   "search_index": 1
  },
  {
   "fieldname": "finding_raised_date",
   "fieldtype": "Data",
   "label": "Finding Raised Date",
   "read_only": 1,
   "search_index": 1
  },
  {
   "columns": 1,
   "fieldname": "ageing",
   "fieldtype": "Data",
   "in_list_view": 1,
   "label": "Ageing",
   "read_only": 1
  },
  {
   "fieldname": "closure_description",
   "fieldtype": "Small Text",
   "label": "Closure Description"
  },
  {
   "fieldname": "rca",
   "fieldtype": "Small Text",
   "label": "RCA  (Account)"
  },
  {
   "fieldname": "capa",
   "fieldtype": "Small Text",
   "label": "CAPA  (Account)"
  },
  {
   "fieldname": "critical_to_opex",
   "fieldtype": "Select",
   "hidden": 1,
   "label": "critical_to_opex",
   "options": "No\nYes",
   "read_only": 1
  },
  {
   "fieldname": "attach_rcacapa",
   "fieldtype": "Attach",
   "label": "Attach RCA/CAPA "
  },
  {
   "fieldname": "section_break_5",
   "fieldtype": "Section Break"
  },
  {
   "fieldname": "column_break_7",
   "fieldtype": "Column Break"
  },
  {
   "fieldname": "section_break_12",
   "fieldtype": "Section Break"
  },
  {
   "fieldname": "column_break_15",
   "fieldtype": "Column Break"
  },
  {
   "fieldname": "section_break_18",
   "fieldtype": "Section Break"
  },
  {
   "fieldname": "section_break_1",
   "fieldtype": "Section Break"
  },
  {
   "fieldname": "section_break_34",
   "fieldtype": "Section Break"
  },
  {
   "default": "0",
   "fieldname": "best_practice",
   "fieldtype": "Check",
   "hidden": 1,
   "label": "Did you observe any Best Practice?",
   "permlevel": 1
  },
  {
   "fieldname": "closure_opex_section",
   "fieldtype": "Section Break",
   "label": "Closure (OpEx)"
  },
  {
   "fieldname": "rcacapa_acceptance",
   "fieldtype": "Select",
   "label": "Acceptance Status (OpEx)",
   "options": "Not Accepted\nAccepted"
  },
  {
   "fieldname": "column_break_29",
   "fieldtype": "Column Break"
  },
  {
   "fieldname": "column_break_36",
   "fieldtype": "Column Break"
  },
  {
   "bold": 1,
   "fieldname": "account_section",
   "fieldtype": "Section Break",
   "label": "Account"
  }
 ],
 "index_web_pages_for_search": 1,
 "istable": 1,
 "links": [],
 "modified": "2022-11-07 17:57:49.972592",
 "modified_by": "Administrator",
 "module": "Opex",
 "name": "finding child table form",
 "naming_rule": "Autoincrement",
 "owner": "Administrator",
 "permissions": [],
 "sort_field": "modified",
 "sort_order": "DESC",
 "states": []
}